<?xml version="1.0"?>

<!--
  This is a very simple config file with many options missing. For a complete
  set of options with comments, see docs/rc.xml.all
-->

<labwc_config>

  <core>
    <decoration>client</decoration>
    <gap>0</gap>
    <adaptiveSync>no</adaptiveSync>
  </core>

  <theme>
    <name>windows</name>
    <cornerRadius>0</cornerRadius>
    <font><name>sans</name><size>10</size></font>
  </theme>

 <snapping>
    <range>0</range>
    <topMaximize>no</topMaximize>
  </snapping>

  <libinput>
    <device category="default">
      <naturalScroll></naturalScroll>
      <leftHanded></leftHanded>
      <pointerSpeed>-0.5</pointerSpeed>
      <accelProfile>flat</accelProfile>
      <tap>no</tap>
      <tapButtonMap></tapButtonMap>
      <middleEmulation></middleEmulation>
      <disableWhileTyping></disableWhileTyping>
    </device>
  </libinput>

  <keyboard>
    <default />
    <keybind key="A-p">
      <action name="Execute"><command>bemenu-run</command></action>
    </keybind>
    <keybind key="A-q">
      <action name="Execute"><command>poweroff</command></action>
    </keybind>
    <keybind key="W-Control_R">
      <action name="Execute"><command>chromium</command></action>
    </keybind>
    <keybind key="W-Shift_R">
      <action name="Execute"><command>pcmanfm</command></action>
    </keybind>
    <keybind key="W-Menu">
      <action name="Execute"><command>foot -f monospace:size=15</command></action>
    </keybind>
    <keybind key="Print">
      <action name="Execute"><command>grim</command></action>
    </keybind>
   <keybind key="A-Return">
      <action name="ToggleFullscreen" />
    </keybind>
  </keyboard>
  <applications>
    <application name="*">
	<decor>no</decor>
    </application>
  </applications>
</labwc_config>
