<Profile name="User" version="3">
    <ActionSet name="Generic" radialMenuNavigation="Right">
        <Action name="StartChatText">
            <Trigger>Return</Trigger>
        </Action>
        <Action name="StartCommandText">
            <Trigger>Slash</Trigger>
        </Action>
        <Action name="Reply">
            <Trigger>Backspace</Trigger>
        </Action>
        <Action name="TogglePerformance">
            <Trigger>Alt_Left+F</Trigger>
            <Trigger>Alt_Right+F</Trigger>
        </Action>
        <Action name="ShowScoreScreen">
            <Trigger>Tab</Trigger>
        </Action>
        <Action name="Screenshot">
            <Trigger>PrintScreen</Trigger>
        </Action>
        <Action name="ToggleMouse">
            <Trigger>Alt_Left</Trigger>
        </Action>
        <Action name="GaqAccept">
            <Trigger>Y</Trigger>
        </Action>
        <Action name="GaqDecline">
            <Trigger>N</Trigger>
        </Action>
        <Action name="GaqShow">
            <Trigger>K</Trigger>
        </Action>
        <Action name="AutoJoinSquad" />
        <Action name="OpenMap">
            <Trigger>M</Trigger>
        </Action>
        <Action name="VoiceVolumeUp">
            <Trigger>KP_Add</Trigger>
        </Action>
        <Action name="VoiceVolumeDown">
            <Trigger>KP_Subtract</Trigger>
        </Action>
        <Action name="VoiceVolumeMute">
            <Trigger>KP_Enter</Trigger>
        </Action>
        <Action name="VoiceChatProximity">
            <Trigger>KP_4</Trigger>
        </Action>
        <Action name="VoiceChatSquad" />
        <Action name="VoiceChatSquadLeader">
            <Trigger>KP_7</Trigger>
        </Action>
        <Action name="VoiceChatPlatoon">
            <Trigger>KP_1</Trigger>
        </Action>
        <Action name="VoiceChatOutfit" version="1">
            <Trigger>KP_9</Trigger>
        </Action>
        <Action name="VoiceChatCustom" version="1">
            <Trigger>KP_6</Trigger>
        </Action>
        <Action name="VoiceChatFireteam">
            <Trigger>KP_2</Trigger>
        </Action>
        <Action name="VoiceMacro">
            <Trigger>V</Trigger>
        </Action>
        <Action name="ToggleUI">
            <Trigger>Control+F10</Trigger>
        </Action>
        <Action name="StartImageCapture">
            <Trigger>Control+F12</Trigger>
        </Action>
        <Action name="SpotPlayer">
            <Trigger>Q</Trigger>
        </Action>
        <Action name="OpenSquadPage">
            <Trigger>P</Trigger>
        </Action>
        <Action name="OpenFriendPage">
            <Trigger>L</Trigger>
        </Action>
        <Action name="OpenOutfitPage">
            <Trigger>O</Trigger>
        </Action>
        <Action name="ToggleMissionPage">
            <Trigger>I</Trigger>
        </Action>
        <Action name="OpenMembershipPage">
            <Trigger>Control+L</Trigger>
        </Action>
        <Action name="ToggleVehicleManagementView">
            <Trigger>PageDown</Trigger>
        </Action>
        <Action name="ToggleHudIndicators">
            <Trigger>Control+I</Trigger>
        </Action>
        <Action name="ExpandMinimap">
            <Trigger>H</Trigger>
        </Action>
        <Action name="CancelZoneQueue">
            <Trigger>End</Trigger>
        </Action>
        <Action name="ToggleRedeployTimer">
            <Trigger>U</Trigger>
            <Trigger>Delete</Trigger>
        </Action>
        <Action name="ToggleInstantActionTimer">
            <Trigger>J</Trigger>
            <Trigger>Insert</Trigger>
        </Action>
        <Action name="JoinOutfitWarMatch">
            <Trigger>Home</Trigger>
        </Action>
        <Action name="IncrementMinimapZoom">
            <Trigger>MouseWheel+</Trigger>
        </Action>
        <Action name="DecrementMinimapZoom">
            <Trigger>MouseWheel-</Trigger>
        </Action>
        <Action name="SquadPromoteMe" />
        <Action name="QuickIncreaseRenderDistance">
            <Trigger>Bracket_Right</Trigger>
        </Action>
        <Action name="QuickDecreaseRenderDistance">
            <Trigger>Bracket_Left</Trigger>
        </Action>
    </ActionSet>
    <ActionSet name="QuickChat" radialMenuNavigation="Right">
        <Action name="QuickChat1">
            <Trigger>1</Trigger>
        </Action>
        <Action name="QuickChat2">
            <Trigger>2</Trigger>
        </Action>
        <Action name="QuickChat3">
            <Trigger>3</Trigger>
        </Action>
        <Action name="QuickChat4">
            <Trigger>4</Trigger>
        </Action>
        <Action name="QuickChat5">
            <Trigger>5</Trigger>
        </Action>
        <Action name="QuickChat6">
            <Trigger>6</Trigger>
        </Action>
        <Action name="QuickChat7">
            <Trigger>7</Trigger>
        </Action>
        <Action name="QuickChat8">
            <Trigger>8</Trigger>
        </Action>
        <Action name="QuickChat9">
            <Trigger>9</Trigger>
        </Action>
        <Action name="QuickChat10">
            <Trigger>0</Trigger>
        </Action>
    </ActionSet>
    <ActionSet name="GroundVehicle" radialMenuNavigation="Right">
        <Action name="MoveForward">
            <Trigger>W</Trigger>
        </Action>
        <Action name="MoveBackward">
            <Trigger>S</Trigger>
        </Action>
        <Action name="MoveLeft">
            <Trigger>A</Trigger>
        </Action>
        <Action name="MoveRight">
            <Trigger>D</Trigger>
        </Action>
        <Action name="Handbrake">
            <Trigger>Space</Trigger>
        </Action>
        <Action name="YawLeft">
            <Trigger>Left</Trigger>
        </Action>
        <Action name="YawRight">
            <Trigger>Right</Trigger>
        </Action>
        <Action name="PitchUp">
            <Trigger>Up</Trigger>
        </Action>
        <Action name="PitchDown">
            <Trigger>Down</Trigger>
        </Action>
        <Action name="CruiseMaxSpeed">
            <Trigger>Equals</Trigger>
        </Action>
        <Action name="ChangeCamera">
            <Trigger>T</Trigger>
        </Action>
        <Action name="Fire">
            <Trigger>Mouse_0</Trigger>
        </Action>
        <Action name="SecondaryFire">
            <Trigger>Mouse_1</Trigger>
        </Action>
        <Action name="Interact">
            <Trigger>E</Trigger>
        </Action>
        <Action name="Deploy">
            <Trigger>B</Trigger>
        </Action>
        <Action name="HeadLights">
            <Trigger>G</Trigger>
        </Action>
        <Action name="Reload">
            <Trigger>R</Trigger>
        </Action>
        <Action name="PrimarySecondaryToggle" />
        <Action name="NextWeapon" />
        <Action name="PreviousWeapon" />
        <Action name="Slot1">
            <Trigger>1</Trigger>
        </Action>
        <Action name="Slot2">
            <Trigger>2</Trigger>
        </Action>
        <Action name="Afterburner">
            <Trigger>Shift_Left</Trigger>
            <Trigger>Shift_Right</Trigger>
        </Action>
        <Action name="VehicleAbility">
            <Trigger>F</Trigger>
        </Action>
        <Action name="Horn">
            <Trigger>X</Trigger>
            <Trigger>Mouse_3</Trigger>
        </Action>
        <Action name="ChangeSeat1">
            <Trigger>F1</Trigger>
        </Action>
        <Action name="ChangeSeat2">
            <Trigger>F2</Trigger>
        </Action>
        <Action name="ChangeSeat3">
            <Trigger>F3</Trigger>
        </Action>
        <Action name="ChangeSeat4">
            <Trigger>F4</Trigger>
        </Action>
        <Action name="ChangeSeat5">
            <Trigger>F5</Trigger>
        </Action>
        <Action name="ChangeSeat6">
            <Trigger>F6</Trigger>
        </Action>
        <Action name="ChangeSeat7">
            <Trigger>F7</Trigger>
        </Action>
        <Action name="ChangeSeat8">
            <Trigger>F8</Trigger>
        </Action>
        <Action name="ChangeSeat9">
            <Trigger>F9</Trigger>
        </Action>
        <Action name="ChangeSeat10">
            <Trigger>F10</Trigger>
        </Action>
        <Action name="ChangeSeat11">
            <Trigger>F11</Trigger>
        </Action>
        <Action name="ChangeSeat12">
            <Trigger>F12</Trigger>
        </Action>
    </ActionSet>
    <ActionSet name="Aircraft" radialMenuNavigation="Right">
        <Action name="MoveForward">
            <Trigger>W</Trigger>
        </Action>
        <Action name="MoveBackward">
            <Trigger>S</Trigger>
        </Action>
        <Action name="YawLeft">
            <Trigger>A</Trigger>
        </Action>
        <Action name="YawRight">
            <Trigger>D</Trigger>
        </Action>
        <Action name="MoveUp">
            <Trigger>Space</Trigger>
        </Action>
        <Action name="MoveDown">
            <Trigger>Control_Left</Trigger>
            <Trigger>C</Trigger>
        </Action>
        <Action name="RollLeft">
            <Trigger>Left</Trigger>
        </Action>
        <Action name="RollRight">
            <Trigger>Right</Trigger>
        </Action>
        <Action name="PitchUp">
            <Trigger>Up</Trigger>
        </Action>
        <Action name="PitchDown">
            <Trigger>Down</Trigger>
        </Action>
        <Action name="AnalogThrottle" />
        <Action name="CruiseMaxSpeed">
            <Trigger>Equals</Trigger>
        </Action>
        <Action name="CockpitFreelook">
            <Trigger>Mouse_2</Trigger>
        </Action>
        <Action name="CockpitLookLeft" />
        <Action name="CockpitLookRight" />
        <Action name="CockpitLookUp" />
        <Action name="CockpitLookDown" />
        <Action name="ChangeCamera">
            <Trigger>T</Trigger>
        </Action>
        <Action name="Fire">
            <Trigger>Mouse_0</Trigger>
        </Action>
        <Action name="SecondaryFire">
            <Trigger>Mouse_1</Trigger>
        </Action>
        <Action name="Interact">
            <Trigger>E</Trigger>
        </Action>
        <Action name="Deploy">
            <Trigger>B</Trigger>
        </Action>
        <Action name="HeadLights">
            <Trigger>G</Trigger>
        </Action>
        <Action name="Reload">
            <Trigger>R</Trigger>
        </Action>
        <Action name="PrimarySecondaryToggle" />
        <Action name="NextWeapon" />
        <Action name="PreviousWeapon" />
        <Action name="Slot1">
            <Trigger>1</Trigger>
        </Action>
        <Action name="Slot2">
            <Trigger>2</Trigger>
        </Action>
        <Action name="Afterburner">
            <Trigger>Shift_Left</Trigger>
            <Trigger>Shift_Right</Trigger>
        </Action>
        <Action name="VehicleAbility">
            <Trigger>F</Trigger>
        </Action>
        <Action name="Horn">
            <Trigger>X</Trigger>
            <Trigger>Mouse_3</Trigger>
        </Action>
        <Action name="ChangeSeat1">
            <Trigger>F1</Trigger>
        </Action>
        <Action name="ChangeSeat2">
            <Trigger>F2</Trigger>
        </Action>
        <Action name="ChangeSeat3">
            <Trigger>F3</Trigger>
        </Action>
        <Action name="ChangeSeat4">
            <Trigger>F4</Trigger>
        </Action>
        <Action name="ChangeSeat5">
            <Trigger>F5</Trigger>
        </Action>
        <Action name="ChangeSeat6">
            <Trigger>F6</Trigger>
        </Action>
        <Action name="ChangeSeat7">
            <Trigger>F7</Trigger>
        </Action>
        <Action name="ChangeSeat8">
            <Trigger>F8</Trigger>
        </Action>
        <Action name="ChangeSeat9">
            <Trigger>F9</Trigger>
        </Action>
        <Action name="ChangeSeat10">
            <Trigger>F10</Trigger>
        </Action>
        <Action name="ChangeSeat11">
            <Trigger>F11</Trigger>
        </Action>
        <Action name="ChangeSeat12">
            <Trigger>F12</Trigger>
        </Action>
    </ActionSet>
    <ActionSet name="Infantry" radialMenuNavigation="Right">
        <Action name="MoveForward">
            <Trigger>W</Trigger>
            <Trigger>Up</Trigger>
        </Action>
        <Action name="MoveBackward">
            <Trigger>S</Trigger>
            <Trigger>Down</Trigger>
        </Action>
        <Action name="StrafeLeft">
            <Trigger>A</Trigger>
            <Trigger>Left</Trigger>
        </Action>
        <Action name="StrafeRight">
            <Trigger>D</Trigger>
            <Trigger>Right</Trigger>
        </Action>
        <Action name="TurnLeft" />
        <Action name="TurnRight" />
        <Action name="LookUp" />
        <Action name="LookDown" />
        <Action name="Jump">
            <Trigger>Z</Trigger>
        </Action>
        <Action name="Crouch">
            <Trigger>Control_Right</Trigger>
            <Trigger>Shift_Left</Trigger>
            <Trigger>Control_Left</Trigger>
        </Action>
        <Action name="CrouchToggle">
            <Trigger>C</Trigger>
        </Action>
        <Action name="Sprint">
            <Trigger>Shift_Right</Trigger>
            <Trigger>Space</Trigger>
        </Action>
        <Action name="Interact">
            <Trigger>E</Trigger>
        </Action>
        <Action name="UseAbility">
            <Trigger>F</Trigger>
        </Action>
        <Action name="UseGrenade">
            <Trigger>G</Trigger>
        </Action>
        <Action name="Reload">
            <Trigger>R</Trigger>
        </Action>
        <Action name="MeleeAttack">
            <Trigger>Mouse_2</Trigger>
            <Trigger>Mouse_3</Trigger>
        </Action>
        <Action name="Slot1">
            <Trigger>1</Trigger>
        </Action>
        <Action name="Slot2">
            <Trigger>2</Trigger>
        </Action>
        <Action name="Slot3">
            <Trigger>3</Trigger>
        </Action>
        <Action name="Slot4">
            <Trigger>4</Trigger>
        </Action>
        <Action name="Slot5">
            <Trigger>5</Trigger>
        </Action>
        <Action name="Slot6">
            <Trigger>6</Trigger>
        </Action>
        <Action name="Slot7">
            <Trigger>7</Trigger>
        </Action>
        <Action name="Slot8">
            <Trigger>8</Trigger>
        </Action>
        <Action name="Slot9">
            <Trigger>9</Trigger>
        </Action>
        <Action name="Slot10">
            <Trigger>0</Trigger>
        </Action>
        <Action name="WieldMelee">
            <Trigger>Minus</Trigger>
        </Action>
        <Action name="Fire">
            <Trigger>Mouse_0</Trigger>
        </Action>
        <Action name="SecondaryFire">
            <Trigger>Mouse_1</Trigger>
        </Action>
        <Action name="TertiaryFire" />
        <Action name="ToggleWeaponAttachment">
            <Trigger>X</Trigger>
        </Action>
        <Action name="ToggleHideFp">
            <Trigger>Control+F11</Trigger>
        </Action>
        <Action name="SwitchFireGroup">
            <Trigger>B</Trigger>
        </Action>
        <Action name="SwitchFireGroupAndToggleWhenHeld" />
        <Action name="PrimarySecondaryToggle" />
        <Action name="TertiaryOrTool" />
        <Action name="UtilityOrSpecial" />
        <Action name="NextWeapon" />
        <Action name="PreviousWeapon" />
        <Action name="ToggleAutoRun">
            <Trigger>Equals</Trigger>
        </Action>
    </ActionSet>
    <ActionSet name="FreeFly" radialMenuNavigation="Right">
        <Action name="FreeLook">
            <Trigger>Mouse_1</Trigger>
        </Action>
        <Action name="MoveUp">
            <Trigger>Q</Trigger>
        </Action>
        <Action name="MoveDown">
            <Trigger>Z</Trigger>
        </Action>
        <Action name="ReduceSpeed">
            <Trigger>Shift</Trigger>
        </Action>
        <Action name="IgnoreCollision">
            <Trigger>Control</Trigger>
        </Action>
        <Action name="FreeformTranslation">
            <Trigger>T</Trigger>
        </Action>
        <Action name="FreeformRotation">
            <Trigger>R</Trigger>
        </Action>
        <Action name="FreeformScale">
            <Trigger>Y</Trigger>
        </Action>
        <Action name="TurnLeft" />
        <Action name="TurnRight" />
        <Action name="LookUp" />
        <Action name="LookDown" />
        <Action name="MoveForward">
            <Trigger>Up</Trigger>
            <Trigger>W</Trigger>
        </Action>
        <Action name="MoveBackward">
            <Trigger>Down</Trigger>
            <Trigger>S</Trigger>
        </Action>
        <Action name="StrafeLeft">
            <Trigger>Left</Trigger>
            <Trigger>A</Trigger>
        </Action>
        <Action name="StrafeRight">
            <Trigger>Right</Trigger>
            <Trigger>D</Trigger>
        </Action>
    </ActionSet>
    <ActionSet name="Deploy" radialMenuNavigation="Right">
        <Action name="RotateLeft">
            <Trigger>Mouse_0</Trigger>
        </Action>
        <Action name="RotateRight">
            <Trigger>Mouse_1</Trigger>
        </Action>
        <Action name="MoveIn" />
        <Action name="MoveOut" />
        <Action name="MoveInOut" />
        <Action name="Slow">
            <Trigger>Control_Left</Trigger>
            <Trigger>Control_Right</Trigger>
        </Action>
    </ActionSet>
    <ActionSet name="UI_Map" radialMenuNavigation="Right">
        <Action name="MapToggleIndicatorInteraction">
            <Trigger>Control_Left</Trigger>
            <Trigger>Control_Right</Trigger>
        </Action>
    </ActionSet>
</Profile>
